核心特征组合,项集大小,全体样本支持度,高风险样本支持度,置信度,提升度,是否核心组合,是否血脂正常
活动能力_离散_活动能力低 + 血脂异常_离散_血脂异常≥2项,2,0.096,0.096,1.0,1.122334455667789,True,False
痰湿质_离散_痰湿质中 + 血尿酸_离散_血尿酸高 + 血脂异常_离散_血脂异常≥2项,3,0.093,0.093,1.0,1.122334455667789,True,False
BMI_离散_BMI正常 + 活动能力_离散_活动能力低 + 血脂异常_离散_血脂异常≥2项,3,0.074,0.074,1.0,1.122334455667789,True,False
BMI_离散_BMI正常 + 痰湿质_离散_痰湿质中 + 血尿酸_离散_血尿酸高 + 血脂异常_离散_血脂异常≥2项,4,0.064,0.064,1.0,1.122334455667789,True,False
气虚质_离散_气虚质低 + 活动能力_离散_活动能力低 + 血脂异常_离散_血脂异常≥2项,3,0.063,0.063,1.0,1.122334455667789,True,False
活动能力_离散_活动能力中 + 痰湿质_离散_痰湿质中 + 血尿酸_离散_血尿酸高 + 血脂异常_离散_血脂异常≥2项,4,0.063,0.063,1.0,1.122334455667789,True,False
痰湿质_离散_痰湿质高 + 血脂异常_离散_血脂异常≥2项,2,0.06,0.06,1.0,1.122334455667789,True,False
活动能力_离散_活动能力低 + 血尿酸_离散_血尿酸正常 + 血脂异常_离散_血脂异常≥2项,3,0.049,0.049,1.0,1.122334455667789,True,False
BMI_离散_BMI超重 + 血尿酸_离散_血尿酸高 + 血脂异常_离散_血脂异常≥2项,3,0.048,0.048,1.0,1.122334455667789,True,False
活动能力_离散_活动能力低 + 血脂异常_离散_血脂异常1项,2,0.047,0.047,1.0,1.122334455667789,True,False
BMI_离散_BMI正常 + 气虚质_离散_气虚质低 + 活动能力_离散_活动能力低 + 血脂异常_离散_血脂异常≥2项,4,0.047,0.047,1.0,1.122334455667789,True,False
活动能力_离散_活动能力低 + 血尿酸_离散_血尿酸高 + 血脂异常_离散_血脂异常≥2项,3,0.047,0.047,1.0,1.122334455667789,True,False
气虚质_离散_气虚质低 + 痰湿质_离散_痰湿质中 + 血尿酸_离散_血尿酸高 + 血脂异常_离散_血脂异常≥2项,4,0.047,0.047,1.0,1.122334455667789,True,False
痰湿质_离散_痰湿质中 + 血尿酸_离散_血尿酸高 + 血脂异常_离散_血脂异常1项,3,0.047,0.047,1.0,1.122334455667789,True,False
气虚质_离散_气虚质中 + 痰湿质_离散_痰湿质中 + 血尿酸_离散_血尿酸高 + 血脂异常_离散_血脂异常≥2项,4,0.046,0.046,1.0,1.122334455667789,True,False
痰湿质_离散_痰湿质高 + 血脂异常_离散_血脂异常1项,2,0.045,0.045,1.0,1.122334455667789,True,False
活动能力_离散_活动能力低 + 痰湿质_离散_痰湿质低 + 血脂异常_离散_血脂异常≥2项,3,0.042,0.042,1.0,1.122334455667789,True,False
BMI_离散_BMI正常 + 痰湿质_离散_痰湿质高 + 血脂异常_离散_血脂异常≥2项,3,0.041,0.041,1.0,1.122334455667789,True,False
BMI_离散_BMI超重 + 痰湿质_离散_痰湿质中 + 血脂异常_离散_血脂异常≥2项,3,0.038,0.038,1.0,1.122334455667789,True,False
BMI_离散_BMI正常 + 活动能力_离散_活动能力低 + 血尿酸_离散_血尿酸高 + 血脂异常_离散_血脂异常≥2项,4,0.038,0.038,1.0,1.122334455667789,True,False
活动能力_离散_活动能力低 + 痰湿质_离散_痰湿质中 + 血脂异常_离散_血脂异常≥2项,3,0.038,0.038,1.0,1.122334455667789,True,False
BMI_离散_BMI正常 + 活动能力_离散_活动能力中 + 痰湿质_离散_痰湿质中 + 血尿酸_离散_血尿酸高 + 血脂异常_离散_血脂异常≥2项,5,0.038,0.038,1.0,1.122334455667789,True,False
气虚质_离散_气虚质低 + 痰湿质_离散_痰湿质高 + 血脂异常_离散_血脂异常≥2项,3,0.037,0.037,1.0,1.122334455667789,True,False
BMI_离散_BMI正常 + 活动能力_离散_活动能力低 + 血尿酸_离散_血尿酸正常 + 血脂异常_离散_血脂异常≥2项,4,0.036,0.036,1.0,1.122334455667789,True,False
活动能力_离散_活动能力中 + 痰湿质_离散_痰湿质高 + 血脂异常_离散_血脂异常1项,3,0.036,0.036,1.0,1.122334455667789,True,False
BMI_离散_BMI超重 + 活动能力_离散_活动能力中 + 血尿酸_离散_血尿酸高 + 血脂异常_离散_血脂异常≥2项,4,0.034,0.034,1.0,1.122334455667789,True,False
气虚质_离散_气虚质中 + 活动能力_离散_活动能力低 + 血脂异常_离散_血脂异常≥2项,3,0.033,0.033,1.0,1.122334455667789,True,False
BMI_离散_BMI正常 + 气虚质_离散_气虚质中 + 痰湿质_离散_痰湿质中 + 血尿酸_离散_血尿酸高 + 血脂异常_离散_血脂异常≥2项,5,0.033,0.033,1.0,1.122334455667789,True,False
活动能力_离散_活动能力中 + 痰湿质_离散_痰湿质中 + 血尿酸_离散_血尿酸高 + 血脂异常_离散_血脂异常1项,4,0.033,0.033,1.0,1.122334455667789,True,False
BMI_离散_BMI超重 + 痰湿质_离散_痰湿质中 + 血尿酸_离散_血尿酸高,3,0.032,0.032,1.0,1.122334455667789,True,False
气虚质_离散_气虚质低 + 活动能力_离散_活动能力低 + 血尿酸_离散_血尿酸正常 + 血脂异常_离散_血脂异常≥2项,4,0.032,0.032,1.0,1.122334455667789,True,False
气虚质_离散_气虚质低 + 活动能力_离散_活动能力低 + 痰湿质_离散_痰湿质低 + 血脂异常_离散_血脂异常≥2项,4,0.032,0.032,1.0,1.122334455667789,True,False
BMI_离散_BMI正常 + 活动能力_离散_活动能力低 + 痰湿质_离散_痰湿质中 + 血脂异常_离散_血脂异常≥2项,4,0.032,0.032,1.0,1.122334455667789,True,False
气虚质_离散_气虚质低 + 活动能力_离散_活动能力中 + 痰湿质_离散_痰湿质中 + 血尿酸_离散_血尿酸高 + 血脂异常_离散_血脂异常≥2项,5,0.032,0.032,1.0,1.122334455667789,True,False
气虚质_离散_气虚质低 + 活动能力_离散_活动能力低 + 血尿酸_离散_血尿酸高 + 血脂异常_离散_血脂异常≥2项,4,0.031,0.031,1.0,1.122334455667789,True,False
痰湿质_离散_痰湿质高 + 血尿酸_离散_血尿酸正常 + 血脂异常_离散_血脂异常≥2项,3,0.031,0.031,1.0,1.122334455667789,True,False
BMI_离散_BMI正常 + 痰湿质_离散_痰湿质高 + 血脂异常_离散_血脂异常1项,3,0.031,0.031,1.0,1.122334455667789,True,False
气虚质_离散_气虚质中 + 活动能力_离散_活动能力中 + 痰湿质_离散_痰湿质中 + 血尿酸_离散_血尿酸高 + 血脂异常_离散_血脂异常≥2项,5,0.031,0.031,1.0,1.122334455667789,True,False
BMI_离散_BMI正常 + 气虚质_离散_气虚质低 + 痰湿质_离散_痰湿质中 + 血尿酸_离散_血尿酸高 + 血脂异常_离散_血脂异常≥2项,5,0.031,0.031,1.0,1.122334455667789,True,False
BMI_离散_BMI超重 + 痰湿质_离散_痰湿质中 + 血脂异常_离散_血脂异常1项,3,0.03,0.03,1.0,1.122334455667789,True,False
活动能力_离散_活动能力中 + 痰湿质_离散_痰湿质高 + 血脂异常_离散_血脂异常≥2项,3,0.03,0.03,1.0,1.122334455667789,True,False
BMI_离散_BMI正常 + 活动能力_离散_活动能力低 + 痰湿质_离散_痰湿质低 + 血脂异常_离散_血脂异常≥2项,4,0.029,0.029,1.0,1.122334455667789,True,False
BMI_离散_BMI正常 + 活动能力_离散_活动能力低 + 血脂异常_离散_血脂异常1项,3,0.029,0.029,1.0,1.122334455667789,True,False
活动能力_离散_活动能力低 + 血尿酸_离散_血尿酸正常 + 血脂异常_离散_血脂异常1项,3,0.029,0.029,1.0,1.122334455667789,True,False
痰湿质_离散_痰湿质高 + 血尿酸_离散_血尿酸高 + 血脂异常_离散_血脂异常≥2项,3,0.029,0.029,1.0,1.122334455667789,True,False
痰湿质_离散_痰湿质高 + 血尿酸_离散_血尿酸正常 + 血脂异常_离散_血脂异常1项,3,0.029,0.029,1.0,1.122334455667789,True,False
气虚质_离散_气虚质低 + 痰湿质_离散_痰湿质中 + 血尿酸_离散_血尿酸高 + 血脂异常_离散_血脂异常1项,4,0.029,0.029,1.0,1.122334455667789,True,False
BMI_离散_BMI超重 + 活动能力_离散_活动能力中 + 痰湿质_离散_痰湿质中 + 血脂异常_离散_血脂异常≥2项,4,0.028,0.028,1.0,1.122334455667789,True,False
BMI_离散_BMI正常 + 痰湿质_离散_痰湿质中 + 血尿酸_离散_血尿酸高 + 血脂异常_离散_血脂异常1项,4,0.028,0.028,1.0,1.122334455667789,True,False
BMI_离散_BMI超重 + 活动能力_离散_活动能力中 + 痰湿质_离散_痰湿质中 + 血尿酸_离散_血尿酸高,4,0.027,0.027,1.0,1.122334455667789,True,False
BMI_离散_BMI超重 + 气虚质_离散_气虚质低 + 血尿酸_离散_血尿酸高 + 血脂异常_离散_血脂异常≥2项,4,0.027,0.027,1.0,1.122334455667789,True,False
BMI_离散_BMI正常 + 气虚质_离散_气虚质中 + 活动能力_离散_活动能力低 + 血脂异常_离散_血脂异常≥2项,4,0.027,0.027,1.0,1.122334455667789,True,False
活动能力_离散_活动能力低 + 痰湿质_离散_痰湿质低 + 血脂异常_离散_血脂异常1项,3,0.027,0.027,1.0,1.122334455667789,True,False
BMI_离散_BMI正常 + 气虚质_离散_气虚质低 + 痰湿质_离散_痰湿质高 + 血脂异常_离散_血脂异常≥2项,4,0.027,0.027,1.0,1.122334455667789,True,False
气虚质_离散_气虚质低 + 痰湿质_离散_痰湿质高 + 血脂异常_离散_血脂异常1项,3,0.027,0.027,1.0,1.122334455667789,True,False
BMI_离散_BMI超重 + 活动能力_离散_活动能力中 + 痰湿质_离散_痰湿质中 + 血脂异常_离散_血脂异常1项,4,0.026,0.026,1.0,1.122334455667789,True,False
BMI_离散_BMI正常 + 气虚质_离散_气虚质低 + 活动能力_离散_活动能力低 + 血尿酸_离散_血尿酸高 + 血脂异常_离散_血脂异常≥2项,5,0.026,0.026,1.0,1.122334455667789,True,False
气虚质_离散_气虚质中 + 活动能力_离散_活动能力低 + 血脂异常_离散_血脂异常1项,3,0.024,0.024,1.0,1.122334455667789,True,False
BMI_离散_BMI正常 + 活动能力_离散_活动能力中 + 痰湿质_离散_痰湿质高 + 血脂异常_离散_血脂异常1项,4,0.024,0.024,1.0,1.122334455667789,True,False
活动能力_离散_活动能力中 + 痰湿质_离散_痰湿质高 + 血尿酸_离散_血尿酸正常 + 血脂异常_离散_血脂异常1项,4,0.024,0.024,1.0,1.122334455667789,True,False
气虚质_离散_气虚质低 + 活动能力_离散_活动能力中 + 痰湿质_离散_痰湿质高 + 血脂异常_离散_血脂异常1项,4,0.024,0.024,1.0,1.122334455667789,True,False
气虚质_离散_气虚质低 + 活动能力_离散_活动能力低 + 血脂异常_离散_血脂异常1项,3,0.023,0.023,1.0,1.122334455667789,True,False
气虚质_离散_气虚质中 + 痰湿质_离散_痰湿质高 + 血脂异常_离散_血脂异常≥2项,3,0.023,0.023,1.0,1.122334455667789,True,False
BMI_离散_BMI超重 + 痰湿质_离散_痰湿质中 + 血尿酸_离散_血尿酸高 + 血脂异常_离散_血脂异常≥2项,4,0.022,0.022,1.0,1.122334455667789,True,False
BMI_离散_BMI超重 + 气虚质_离散_气虚质低 + 活动能力_离散_活动能力中 + 血尿酸_离散_血尿酸高 + 血脂异常_离散_血脂异常≥2项,5,0.022,0.022,1.0,1.122334455667789,True,False
活动能力_离散_活动能力低 + 痰湿质_离散_痰湿质低 + 血尿酸_离散_血尿酸正常 + 血脂异常_离散_血脂异常≥2项,4,0.022,0.022,1.0,1.122334455667789,True,False
BMI_离散_BMI正常 + 活动能力_离散_活动能力中 + 痰湿质_离散_痰湿质高 + 血脂异常_离散_血脂异常≥2项,4,0.022,0.022,1.0,1.122334455667789,True,False
BMI_离散_BMI正常 + 痰湿质_离散_痰湿质高 + 血尿酸_离散_血尿酸高 + 血脂异常_离散_血脂异常≥2项,4,0.022,0.022,1.0,1.122334455667789,True,False
气虚质_离散_气虚质低 + 活动能力_离散_活动能力中 + 痰湿质_离散_痰湿质中 + 血尿酸_离散_血尿酸高 + 血脂异常_离散_血脂异常1项,5,0.022,0.022,1.0,1.122334455667789,True,False
BMI_离散_BMI超重 + 气虚质_离散_气虚质中 + 痰湿质_离散_痰湿质中 + 血脂异常_离散_血脂异常≥2项,4,0.021,0.021,1.0,1.122334455667789,True,False
BMI_离散_BMI超重 + 气虚质_离散_气虚质中 + 血尿酸_离散_血尿酸高 + 血脂异常_离散_血脂异常≥2项,4,0.021,0.021,1.0,1.122334455667789,True,False
BMI_离散_BMI超重 + 痰湿质_离散_痰湿质低 + 血尿酸_离散_血尿酸高 + 血脂异常_离散_血脂异常≥2项,4,0.021,0.021,1.0,1.122334455667789,True,False
BMI_离散_BMI正常 + 气虚质_离散_气虚质低 + 活动能力_离散_活动能力低 + 血尿酸_离散_血尿酸正常 + 血脂异常_离散_血脂异常≥2项,5,0.021,0.021,1.0,1.122334455667789,True,False
BMI_离散_BMI正常 + 气虚质_离散_气虚质低 + 活动能力_离散_活动能力低 + 痰湿质_离散_痰湿质低 + 血脂异常_离散_血脂异常≥2项,5,0.021,0.021,1.0,1.122334455667789,True,False
活动能力_离散_活动能力低 + 痰湿质_离散_痰湿质中 + 血尿酸_离散_血尿酸高,3,0.021,0.021,1.0,1.122334455667789,True,False
活动能力_离散_活动能力低 + 痰湿质_离散_痰湿质中 + 血尿酸_离散_血尿酸正常 + 血脂异常_离散_血脂异常≥2项,4,0.021,0.021,1.0,1.122334455667789,True,False
气虚质_离散_气虚质低 + 痰湿质_离散_痰湿质高 + 血尿酸_离散_血尿酸正常 + 血脂异常_离散_血脂异常≥2项,4,0.021,0.021,1.0,1.122334455667789,True,False
BMI_离散_BMI超重 + 血尿酸_离散_血尿酸高 + 血脂异常_离散_血脂异常1项,3,0.02,0.02,1.0,1.122334455667789,True,False
BMI_离散_BMI超重 + 痰湿质_离散_痰湿质中 + 血尿酸_离散_血尿酸正常 + 血脂异常_离散_血脂异常1项,4,0.02,0.02,1.0,1.122334455667789,True,False
活动能力_离散_活动能力低 + 痰湿质_离散_痰湿质低 + 血尿酸_离散_血尿酸高 + 血脂异常_离散_血脂异常≥2项,4,0.02,0.02,1.0,1.122334455667789,True,False
气虚质_离散_气虚质低 + 活动能力_离散_活动能力低 + 痰湿质_离散_痰湿质中 + 血脂异常_离散_血脂异常≥2项,4,0.02,0.02,1.0,1.122334455667789,True,False
BMI_离散_BMI正常 + 气虚质_离散_气虚质中 + 活动能力_离散_活动能力中 + 痰湿质_离散_痰湿质中 + 血尿酸_离散_血尿酸高 + 血脂异常_离散_血脂异常≥2项,6,0.02,0.02,1.0,1.122334455667789,True,False
BMI_离散_BMI正常 + 血脂异常_离散_血脂异常≥2项,2,0.375,0.375,1.0,1.122334455667789,False,False
活动能力_离散_活动能力中 + 血脂异常_离散_血脂异常≥2项,2,0.351,0.351,1.0,1.122334455667789,False,False
气虚质_离散_气虚质低 + 血脂异常_离散_血脂异常≥2项,2,0.329,0.329,1.0,1.122334455667789,False,False
血尿酸_离散_血尿酸正常 + 血脂异常_离散_血脂异常≥2项,2,0.306,0.306,1.0,1.122334455667789,False,False
痰湿质_离散_痰湿质低 + 血脂异常_离散_血脂异常≥2项,2,0.272,0.272,1.0,1.122334455667789,False,False
血尿酸_离散_血尿酸高 + 血脂异常_离散_血脂异常≥2项,2,0.244,0.244,1.0,1.122334455667789,False,False
活动能力_离散_活动能力中 + 血脂异常_离散_血脂异常1项,2,0.24,0.24,1.0,1.122334455667789,False,False
BMI_离散_BMI正常 + 活动能力_离散_活动能力中 + 血脂异常_离散_血脂异常≥2项,3,0.233,0.233,1.0,1.122334455667789,False,False
BMI_离散_BMI正常 + 气虚质_离散_气虚质低 + 血脂异常_离散_血脂异常≥2项,3,0.226,0.226,1.0,1.122334455667789,False,False
BMI_离散_BMI正常 + 血脂异常_离散_血脂异常1项,2,0.224,0.224,1.0,1.122334455667789,False,False
血尿酸_离散_血尿酸正常 + 血脂异常_离散_血脂异常1项,2,0.223,0.223,1.0,1.122334455667789,False,False
气虚质_离散_气虚质中 + 血脂异常_离散_血脂异常≥2项,2,0.221,0.221,1.0,1.122334455667789,False,False
痰湿质_离散_痰湿质中 + 血脂异常_离散_血脂异常≥2项,2,0.218,0.218,1.0,1.122334455667789,False,False
气虚质_离散_气虚质低 + 活动能力_离散_活动能力中 + 血脂异常_离散_血脂异常≥2项,3,0.208,0.208,1.0,1.122334455667789,False,False
BMI_离散_BMI正常 + 血尿酸_离散_血尿酸正常 + 血脂异常_离散_血脂异常≥2项,3,0.208,0.208,1.0,1.122334455667789,False,False
气虚质_离散_气虚质低 + 血脂异常_离散_血脂异常1项,2,0.208,0.208,1.0,1.122334455667789,False,False
活动能力_离散_活动能力中 + 血尿酸_离散_血尿酸正常 + 血脂异常_离散_血脂异常≥2项,3,0.197,0.197,1.0,1.122334455667789,False,False
气虚质_离散_气虚质低 + 血尿酸_离散_血尿酸正常 + 血脂异常_离散_血脂异常≥2项,3,0.185,0.185,1.0,1.122334455667789,False,False
活动能力_离散_活动能力中 + 痰湿质_离散_痰湿质低 + 血脂异常_离散_血脂异常≥2项,3,0.183,0.183,1.0,1.122334455667789,False,False
BMI_离散_BMI正常 + 痰湿质_离散_痰湿质低 + 血脂异常_离散_血脂异常≥2项,3,0.177,0.177,1.0,1.122334455667789,False,False
气虚质_离散_气虚质低 + 痰湿质_离散_痰湿质低 + 血脂异常_离散_血脂异常≥2项,3,0.172,0.172,1.0,1.122334455667789,False,False
BMI_离散_BMI正常 + 血尿酸_离散_血尿酸高 + 血脂异常_离散_血脂异常≥2项,3,0.167,0.167,1.0,1.122334455667789,False,False
活动能力_离散_活动能力中 + 血尿酸_离散_血尿酸正常 + 血脂异常_离散_血脂异常1项,3,0.162,0.162,1.0,1.122334455667789,False,False
BMI_离散_BMI正常 + 痰湿质_离散_痰湿质中 + 血脂异常_离散_血脂异常≥2项,3,0.157,0.157,1.0,1.122334455667789,False,False
痰湿质_离散_痰湿质低 + 血脂异常_离散_血脂异常1项,2,0.156,0.156,1.0,1.122334455667789,False,False
活动能力_离散_活动能力中 + 血尿酸_离散_血尿酸高 + 血脂异常_离散_血脂异常≥2项,3,0.154,0.154,1.0,1.122334455667789,False,False
BMI_离散_BMI正常 + 活动能力_离散_活动能力中 + 血脂异常_离散_血脂异常1项,3,0.153,0.153,1.0,1.122334455667789,False,False
气虚质_离散_气虚质低 + 活动能力_离散_活动能力中 + 血脂异常_离散_血脂异常1项,3,0.151,0.151,1.0,1.122334455667789,False,False
痰湿质_离散_痰湿质低 + 血尿酸_离散_血尿酸正常 + 血脂异常_离散_血脂异常≥2项,3,0.15,0.15,1.0,1.122334455667789,False,False
BMI_离散_BMI正常 + 气虚质_离散_气虚质中 + 血脂异常_离散_血脂异常≥2项,3,0.149,0.149,1.0,1.122334455667789,False,False
BMI_离散_BMI正常 + 血尿酸_离散_血尿酸正常 + 血脂异常_离散_血脂异常1项,3,0.146,0.146,1.0,1.122334455667789,False,False
气虚质_离散_气虚质中 + 血尿酸_离散_血尿酸高,2,0.145,0.145,1.0,1.122334455667789,False,False
气虚质_离散_气虚质低 + 血尿酸_离散_血尿酸高 + 血脂异常_离散_血脂异常≥2项,3,0.144,0.144,1.0,1.122334455667789,False,False
气虚质_离散_气虚质中 + 活动能力_离散_活动能力中 + 血脂异常_离散_血脂异常≥2项,3,0.143,0.143,1.0,1.122334455667789,False,False
痰湿质_离散_痰湿质中 + 血尿酸_离散_血尿酸高,2,0.14,0.14,1.0,1.122334455667789,False,False
痰湿质_离散_痰湿质中 + 血脂异常_离散_血脂异常1项,2,0.14,0.14,1.0,1.122334455667789,False,False
BMI_离散_BMI正常 + 气虚质_离散_气虚质低 + 活动能力_离散_活动能力中 + 血脂异常_离散_血脂异常≥2项,4,0.139,0.139,1.0,1.122334455667789,False,False
BMI_离散_BMI正常 + 气虚质_离散_气虚质低 + 血脂异常_离散_血脂异常1项,3,0.139,0.139,1.0,1.122334455667789,False,False
活动能力_离散_活动能力中 + 痰湿质_离散_痰湿质中 + 血脂异常_离散_血脂异常≥2项,3,0.138,0.138,1.0,1.122334455667789,False,False
气虚质_离散_气虚质低 + 血尿酸_离散_血尿酸正常 + 血脂异常_离散_血脂异常1项,3,0.135,0.135,1.0,1.122334455667789,False,False
BMI_离散_BMI正常 + 活动能力_离散_活动能力中 + 血尿酸_离散_血尿酸正常 + 血脂异常_离散_血脂异常≥2项,4,0.134,0.134,1.0,1.122334455667789,False,False
气虚质_离散_气虚质中 + 血脂异常_离散_血脂异常1项,2,0.133,0.133,1.0,1.122334455667789,False,False
BMI_离散_BMI正常 + 气虚质_离散_气虚质低 + 血尿酸_离散_血尿酸正常 + 血脂异常_离散_血脂异常≥2项,4,0.128,0.128,1.0,1.122334455667789,False,False
痰湿质_离散_痰湿质中 + 血尿酸_离散_血尿酸正常 + 血脂异常_离散_血脂异常≥2项,3,0.125,0.125,1.0,1.122334455667789,False,False
痰湿质_离散_痰湿质低 + 血尿酸_离散_血尿酸高 + 血脂异常_离散_血脂异常≥2项,3,0.122,0.122,1.0,1.122334455667789,False,False
气虚质_离散_气虚质中 + 血尿酸_离散_血尿酸正常 + 血脂异常_离散_血脂异常≥2项,3,0.121,0.121,1.0,1.122334455667789,False,False
气虚质_离散_气虚质低 + 痰湿质_离散_痰湿质中 + 血脂异常_离散_血脂异常≥2项,3,0.12,0.12,1.0,1.122334455667789,False,False
血尿酸_离散_血尿酸高 + 血脂异常_离散_血脂异常1项,2,0.118,0.118,1.0,1.122334455667789,False,False
BMI_离散_BMI正常 + 活动能力_离散_活动能力中 + 痰湿质_离散_痰湿质低 + 血脂异常_离散_血脂异常≥2项,4,0.116,0.116,1.0,1.122334455667789,False,False
气虚质_离散_气虚质低 + 活动能力_离散_活动能力中 + 血尿酸_离散_血尿酸正常 + 血脂异常_离散_血脂异常≥2项,4,0.115,0.115,1.0,1.122334455667789,False,False
气虚质_离散_气虚质低 + 活动能力_离散_活动能力中 + 痰湿质_离散_痰湿质低 + 血脂异常_离散_血脂异常≥2项,4,0.115,0.115,1.0,1.122334455667789,False,False
BMI_离散_BMI正常 + 气虚质_离散_气虚质低 + 痰湿质_离散_痰湿质低 + 血脂异常_离散_血脂异常≥2项,4,0.112,0.112,1.0,1.122334455667789,False,False
BMI_离散_BMI超重 + 血脂异常_离散_血脂异常≥2项,2,0.111,0.111,1.0,1.122334455667789,False,False
活动能力_离散_活动能力中 + 痰湿质_离散_痰湿质低 + 血尿酸_离散_血尿酸高,3,0.111,0.111,1.0,1.122334455667789,False,False
活动能力_离散_活动能力中 + 痰湿质_离散_痰湿质中 + 血脂异常_离散_血脂异常1项,3,0.107,0.107,1.0,1.122334455667789,False,False
BMI_离散_BMI正常 + 活动能力_离散_活动能力中 + 血尿酸_离散_血尿酸正常 + 血脂异常_离散_血脂异常1项,4,0.106,0.106,1.0,1.122334455667789,False,False
活动能力_离散_活动能力中 + 痰湿质_离散_痰湿质低 + 血尿酸_离散_血尿酸正常 + 血脂异常_离散_血脂异常≥2项,4,0.105,0.105,1.0,1.122334455667789,False,False
BMI_离散_BMI正常 + 痰湿质_离散_痰湿质低 + 血脂异常_离散_血脂异常1项,3,0.104,0.104,1.0,1.122334455667789,False,False
活动能力_离散_活动能力高 + 血脂异常_离散_血脂异常≥2项,2,0.103,0.103,1.0,1.122334455667789,False,False
痰湿质_离散_痰湿质低 + 血尿酸_离散_血尿酸正常 + 血脂异常_离散_血脂异常1项,3,0.101,0.101,1.0,1.122334455667789,False,False
气虚质_离散_气虚质中 + 痰湿质_离散_痰湿质低 + 血脂异常_离散_血脂异常≥2项,3,0.1,0.1,1.0,1.122334455667789,False,False
气虚质_离散_气虚质中 + 血尿酸_离散_血尿酸高 + 血脂异常_离散_血脂异常≥2项,3,0.1,0.1,1.0,1.122334455667789,False,False
气虚质_离散_气虚质低 + 活动能力_离散_活动能力中 + 血尿酸_离散_血尿酸正常 + 血脂异常_离散_血脂异常1项,4,0.1,0.1,1.0,1.122334455667789,False,False
BMI_离散_BMI正常 + 活动能力_离散_活动能力中 + 血尿酸_离散_血尿酸高 + 血脂异常_离散_血脂异常≥2项,4,0.099,0.099,1.0,1.122334455667789,False,False
气虚质_离散_气虚质中 + 痰湿质_离散_痰湿质中 + 血脂异常_离散_血脂异常≥2项,3,0.098,0.098,1.0,1.122334455667789,False,False
BMI_离散_BMI正常 + 气虚质_离散_气虚质低 + 血尿酸_离散_血尿酸高 + 血脂异常_离散_血脂异常≥2项,4,0.098,0.098,1.0,1.122334455667789,False,False
BMI_离散_BMI正常 + 气虚质_离散_气虚质低 + 活动能力_离散_活动能力中 + 血脂异常_离散_血脂异常1项,4,0.098,0.098,1.0,1.122334455667789,False,False
活动能力_离散_活动能力中 + 痰湿质_离散_痰湿质低 + 血脂异常_离散_血脂异常1项,3,0.097,0.097,1.0,1.122334455667789,False,False
BMI_离散_BMI正常 + 气虚质_离散_气虚质中 + 血尿酸_离散_血尿酸高,3,0.096,0.096,1.0,1.122334455667789,False,False
活动能力_离散_活动能力中 + 痰湿质_离散_痰湿质中 + 血尿酸_离散_血尿酸高,3,0.096,0.096,1.0,1.122334455667789,False,False
BMI_离散_BMI正常 + 痰湿质_离散_痰湿质低 + 血尿酸_离散_血尿酸正常 + 血脂异常_离散_血脂异常≥2项,4,0.096,0.096,1.0,1.122334455667789,False,False
BMI_离散_BMI正常 + 活动能力_离散_活动能力中 + 痰湿质_离散_痰湿质中 + 血脂异常_离散_血脂异常≥2项,4,0.095,0.095,1.0,1.122334455667789,False,False
BMI_离散_BMI正常 + 气虚质_离散_气虚质中 + 活动能力_离散_活动能力中 + 血脂异常_离散_血脂异常≥2项,4,0.094,0.094,1.0,1.122334455667789,False,False
BMI_离散_BMI正常 + 痰湿质_离散_痰湿质中 + 血尿酸_离散_血尿酸正常 + 血脂异常_离散_血脂异常≥2项,4,0.093,0.093,1.0,1.122334455667789,False,False
气虚质_离散_气虚质低 + 活动能力_离散_活动能力中 + 血尿酸_离散_血尿酸高 + 血脂异常_离散_血脂异常≥2项,4,0.093,0.093,1.0,1.122334455667789,False,False
气虚质_离散_气虚质低 + 痰湿质_离散_痰湿质中 + 血脂异常_离散_血脂异常1项,3,0.093,0.093,1.0,1.122334455667789,False,False
痰湿质_离散_痰湿质中 + 血尿酸_离散_血尿酸正常 + 血脂异常_离散_血脂异常1项,3,0.093,0.093,1.0,1.122334455667789,False,False
BMI_离散_BMI正常 + 痰湿质_离散_痰湿质中 + 血尿酸_离散_血尿酸高,3,0.092,0.092,1.0,1.122334455667789,False,False
气虚质_离散_气虚质低 + 痰湿质_离散_痰湿质低 + 血尿酸_离散_血尿酸正常 + 血脂异常_离散_血脂异常≥2项,4,0.091,0.091,1.0,1.122334455667789,False,False
BMI_离散_BMI正常 + 痰湿质_离散_痰湿质中 + 血脂异常_离散_血脂异常1项,3,0.089,0.089,1.0,1.122334455667789,False,False
气虚质_离散_气虚质中 + 活动能力_离散_活动能力中 + 血脂异常_离散_血脂异常1项,3,0.089,0.089,1.0,1.122334455667789,False,False
气虚质_离散_气虚质中 + 活动能力_离散_活动能力中 + 血尿酸_离散_血尿酸高,3,0.088,0.088,1.0,1.122334455667789,False,False
BMI_离散_BMI正常 + 气虚质_离散_气虚质低 + 血尿酸_离散_血尿酸正常 + 血脂异常_离散_血脂异常1项,4,0.088,0.088,1.0,1.122334455667789,False,False
气虚质_离散_气虚质中 + 血尿酸_离散_血尿酸正常 + 血脂异常_离散_血脂异常1项,3,0.088,0.088,1.0,1.122334455667789,False,False
气虚质_离散_气虚质低 + 痰湿质_离散_痰湿质低 + 血脂异常_离散_血脂异常1项,3,0.088,0.088,1.0,1.122334455667789,False,False
BMI_离散_BMI正常 + 气虚质_离散_气虚质低 + 痰湿质_离散_痰湿质中 + 血脂异常_离散_血脂异常≥2项,4,0.087,0.087,1.0,1.122334455667789,False,False
BMI_离散_BMI正常 + 气虚质_离散_气虚质中 + 血脂异常_离散_血脂异常1项,3,0.085,0.085,1.0,1.122334455667789,False,False
BMI_离散_BMI正常 + 气虚质_离散_气虚质低 + 活动能力_离散_活动能力中 + 血尿酸_离散_血尿酸正常 + 血脂异常_离散_血脂异常≥2项,5,0.082,0.082,1.0,1.122334455667789,False,False
气虚质_离散_气虚质中 + 活动能力_离散_活动能力中 + 血尿酸_离散_血尿酸正常 + 血脂异常_离散_血脂异常≥2项,4,0.082,0.082,1.0,1.122334455667789,False,False
BMI_离散_BMI正常 + 痰湿质_离散_痰湿质低 + 血尿酸_离散_血尿酸高 + 血脂异常_离散_血脂异常≥2项,4,0.081,0.081,1.0,1.122334455667789,False,False
气虚质_离散_气虚质低 + 痰湿质_离散_痰湿质低 + 血尿酸_离散_血尿酸高 + 血脂异常_离散_血脂异常≥2项,4,0.081,0.081,1.0,1.122334455667789,False,False
BMI_离散_BMI正常 + 气虚质_离散_气虚质中 + 血尿酸_离散_血尿酸正常 + 血脂异常_离散_血脂异常≥2项,4,0.08,0.08,1.0,1.122334455667789,False,False
活动能力_离散_活动能力中 + 痰湿质_离散_痰湿质低 + 血尿酸_离散_血尿酸高 + 血脂异常_离散_血脂异常≥2项,4,0.078,0.078,1.0,1.122334455667789,False,False
活动能力_离散_活动能力中 + 血尿酸_离散_血尿酸高 + 血脂异常_离散_血脂异常1项,3,0.078,0.078,1.0,1.122334455667789,False,False
BMI_离散_BMI正常 + 血尿酸_离散_血尿酸高 + 血脂异常_离散_血脂异常1项,3,0.078,0.078,1.0,1.122334455667789,False,False
气虚质_离散_气虚质低 + 痰湿质_离散_痰湿质中 + 血尿酸_离散_血尿酸高,3,0.076,0.076,1.0,1.122334455667789,False,False
活动能力_离散_活动能力中 + 痰湿质_离散_痰湿质中 + 血尿酸_离散_血尿酸正常 + 血脂异常_离散_血脂异常≥2项,4,0.075,0.075,1.0,1.122334455667789,False,False
气虚质_离散_气虚质低 + 活动能力_离散_活动能力中 + 痰湿质_离散_痰湿质中 + 血脂异常_离散_血脂异常≥2项,4,0.075,0.075,1.0,1.122334455667789,False,False
气虚质_离散_气虚质低 + 活动能力_离散_活动能力中 + 痰湿质_离散_痰湿质中 + 血脂异常_离散_血脂异常1项,4,0.075,0.075,1.0,1.122334455667789,False,False
活动能力_离散_活动能力中 + 痰湿质_离散_痰湿质中 + 血尿酸_离散_血尿酸正常 + 血脂异常_离散_血脂异常1项,4,0.074,0.074,1.0,1.122334455667789,False,False
BMI_离散_BMI超重 + 活动能力_离散_活动能力中 + 血脂异常_离散_血脂异常≥2项,3,0.073,0.073,1.0,1.122334455667789,False,False
气虚质_离散_气虚质低 + 痰湿质_离散_痰湿质中 + 血尿酸_离散_血尿酸正常 + 血脂异常_离散_血脂异常≥2项,4,0.073,0.073,1.0,1.122334455667789,False,False
BMI_离散_BMI正常 + 气虚质_离散_气虚质低 + 活动能力_离散_活动能力中 + 痰湿质_离散_痰湿质低 + 血脂异常_离散_血脂异常≥2项,5,0.073,0.073,1.0,1.122334455667789,False,False
气虚质_离散_气虚质低 + 血尿酸_离散_血尿酸高 + 血脂异常_离散_血脂异常1项,3,0.073,0.073,1.0,1.122334455667789,False,False
气虚质_离散_气虚质低 + 活动能力_离散_活动能力中 + 痰湿质_离散_痰湿质低 + 血尿酸_离散_血尿酸高,4,0.071,0.071,1.0,1.122334455667789,False,False
BMI_离散_BMI正常 + 活动能力_离散_活动能力中 + 痰湿质_离散_痰湿质低 + 血尿酸_离散_血尿酸高,4,0.071,0.071,1.0,1.122334455667789,False,False
BMI_离散_BMI正常 + 气虚质_离散_气虚质中 + 痰湿质_离散_痰湿质中 + 血脂异常_离散_血脂异常≥2项,4,0.07,0.07,1.0,1.122334455667789,False,False
BMI_离散_BMI超重 + 血脂异常_离散_血脂异常1项,2,0.069,0.069,1.0,1.122334455667789,False,False
BMI_离散_BMI正常 + 气虚质_离散_气虚质中 + 血尿酸_离散_血尿酸高 + 血脂异常_离散_血脂异常≥2项,4,0.069,0.069,1.0,1.122334455667789,False,False
BMI_离散_BMI超重 + 血尿酸_离散_血尿酸高,2,0.068,0.068,1.0,1.122334455667789,False,False
气虚质_离散_气虚质中 + 活动能力_离散_活动能力中 + 痰湿质_离散_痰湿质低 + 血脂异常_离散_血脂异常≥2项,4,0.068,0.068,1.0,1.122334455667789,False,False
BMI_离散_BMI正常 + 活动能力_离散_活动能力高 + 血脂异常_离散_血脂异常≥2项,3,0.068,0.068,1.0,1.122334455667789,False,False
气虚质_离散_气虚质中 + 痰湿质_离散_痰湿质低 + 血脂异常_离散_血脂异常1项,3,0.068,0.068,1.0,1.122334455667789,False,False
BMI_离散_BMI正常 + 痰湿质_离散_痰湿质低 + 血尿酸_离散_血尿酸正常 + 血脂异常_离散_血脂异常1项,4,0.067,0.067,1.0,1.122334455667789,False,False
BMI_离散_BMI正常 + 气虚质_离散_气虚质中 + 痰湿质_离散_痰湿质低 + 血脂异常_离散_血脂异常≥2项,4,0.065,0.065,1.0,1.122334455667789,False,False
BMI_离散_BMI正常 + 气虚质_离散_气虚质低 + 活动能力_离散_活动能力中 + 血尿酸_离散_血尿酸正常 + 血脂异常_离散_血脂异常1项,5,0.065,0.065,1.0,1.122334455667789,False,False
BMI_离散_BMI正常 + 活动能力_离散_活动能力中 + 痰湿质_离散_痰湿质中 + 血脂异常_离散_血脂异常1项,4,0.065,0.065,1.0,1.122334455667789,False,False
气虚质_离散_气虚质中 + 痰湿质_离散_痰湿质低 + 血尿酸_离散_血尿酸高,3,0.064,0.064,1.0,1.122334455667789,False,False
气虚质_离散_气虚质中 + 痰湿质_离散_痰湿质中 + 血尿酸_离散_血尿酸高,3,0.064,0.064,1.0,1.122334455667789,False,False
BMI_离散_BMI正常 + 活动能力_离散_活动能力中 + 痰湿质_离散_痰湿质低 + 血尿酸_离散_血尿酸正常 + 血脂异常_离散_血脂异常≥2项,5,0.064,0.064,1.0,1.122334455667789,False,False
气虚质_离散_气虚质低 + 痰湿质_离散_痰湿质中 + 血尿酸_离散_血尿酸正常 + 血脂异常_离散_血脂异常1项,4,0.064,0.064,1.0,1.122334455667789,False,False
活动能力_离散_活动能力中 + 痰湿质_离散_痰湿质低 + 血尿酸_离散_血尿酸正常 + 血脂异常_离散_血脂异常1项,4,0.064,0.064,1.0,1.122334455667789,False,False
BMI_离散_BMI正常 + 活动能力_离散_活动能力中 + 痰湿质_离散_痰湿质低 + 血脂异常_离散_血脂异常1项,4,0.064,0.064,1.0,1.122334455667789,False,False
BMI_离散_BMI超重 + 血尿酸_离散_血尿酸正常 + 血脂异常_离散_血脂异常≥2项,3,0.063,0.063,1.0,1.122334455667789,False,False
气虚质_离散_气虚质中 + 活动能力_离散_活动能力中 + 痰湿质_离散_痰湿质中 + 血脂异常_离散_血脂异常≥2项,4,0.063,0.063,1.0,1.122334455667789,False,False
气虚质_离散_气虚质低 + 活动能力_离散_活动能力中 + 痰湿质_离散_痰湿质低 + 血尿酸_离散_血尿酸正常 + 血脂异常_离散_血脂异常≥2项,5,0.063,0.063,1.0,1.122334455667789,False,False
气虚质_离散_气虚质中 + 活动能力_离散_活动能力中 + 血尿酸_离散_血尿酸正常 + 血脂异常_离散_血脂异常1项,4,0.062,0.062,1.0,1.122334455667789,False,False
气虚质_离散_气虚质中 + 活动能力_离散_活动能力中 + 血尿酸_离散_血尿酸高 + 血脂异常_离散_血脂异常≥2项,4,0.061,0.061,1.0,1.122334455667789,False,False
BMI_离散_BMI正常 + 痰湿质_离散_痰湿质中 + 血尿酸_离散_血尿酸正常 + 血脂异常_离散_血脂异常1项,4,0.061,0.061,1.0,1.122334455667789,False,False
BMI_离散_BMI正常 + 气虚质_离散_气虚质低 + 痰湿质_离散_痰湿质中 + 血脂异常_离散_血脂异常1项,4,0.061,0.061,1.0,1.122334455667789,False,False
BMI_离散_BMI超重 + 痰湿质_离散_痰湿质低 + 血脂异常_离散_血脂异常≥2项,3,0.06,0.06,1.0,1.122334455667789,False,False
活动能力_离散_活动能力高 + 血尿酸_离散_血尿酸正常 + 血脂异常_离散_血脂异常≥2项,3,0.06,0.06,1.0,1.122334455667789,False,False
BMI_离散_BMI超重 + 气虚质_离散_气虚质低 + 血脂异常_离散_血脂异常≥2项,3,0.059,0.059,1.0,1.122334455667789,False,False
气虚质_离散_气虚质中 + 痰湿质_离散_痰湿质低 + 血尿酸_离散_血尿酸正常 + 血脂异常_离散_血脂异常≥2项,4,0.059,0.059,1.0,1.122334455667789,False,False
BMI_离散_BMI正常 + 气虚质_离散_气虚质低 + 痰湿质_离散_痰湿质低 + 血脂异常_离散_血脂异常1项,4,0.059,0.059,1.0,1.122334455667789,False,False
气虚质_离散_气虚质低 + 活动能力_离散_活动能力高 + 血脂异常_离散_血脂异常≥2项,3,0.058,0.058,1.0,1.122334455667789,False,False
BMI_离散_BMI正常 + 气虚质_离散_气虚质低 + 痰湿质_离散_痰湿质低 + 血尿酸_离散_血尿酸正常 + 血脂异常_离散_血脂异常≥2项,5,0.058,0.058,1.0,1.122334455667789,False,False
BMI_离散_BMI正常 + 气虚质_离散_气虚质中 + 血尿酸_离散_血尿酸正常 + 血脂异常_离散_血脂异常1项,4,0.058,0.058,1.0,1.122334455667789,False,False
BMI_离散_BMI正常 + 活动能力_离散_活动能力中 + 痰湿质_离散_痰湿质中 + 血尿酸_离散_血尿酸正常 + 血脂异常_离散_血脂异常≥2项,5,0.057,0.057,1.0,1.122334455667789,False,False
BMI_离散_BMI正常 + 活动能力_离散_活动能力中 + 痰湿质_离散_痰湿质中 + 血尿酸_离散_血尿酸高,4,0.057,0.057,1.0,1.122334455667789,False,False
BMI_离散_BMI正常 + 气虚质_离散_气虚质低 + 活动能力_离散_活动能力中 + 血尿酸_离散_血尿酸高 + 血脂异常_离散_血脂异常≥2项,5,0.057,0.057,1.0,1.122334455667789,False,False
BMI_离散_BMI正常 + 气虚质_离散_气虚质低 + 痰湿质_离散_痰湿质中 + 血尿酸_离散_血尿酸正常 + 血脂异常_离散_血脂异常≥2项,5,0.056,0.056,1.0,1.122334455667789,False,False
BMI_离散_BMI正常 + 气虚质_离散_气虚质中 + 活动能力_离散_活动能力中 + 血尿酸_离散_血尿酸高,4,0.056,0.056,1.0,1.122334455667789,False,False
气虚质_离散_气虚质低 + 痰湿质_离散_痰湿质低 + 血尿酸_离散_血尿酸正常 + 血脂异常_离散_血脂异常1项,4,0.056,0.056,1.0,1.122334455667789,False,False
BMI_离散_BMI正常 + 气虚质_离散_气虚质中 + 活动能力_离散_活动能力中 + 血脂异常_离散_血脂异常1项,4,0.055,0.055,1.0,1.122334455667789,False,False
痰湿质_离散_痰湿质低 + 血尿酸_离散_血尿酸高 + 血脂异常_离散_血脂异常1项,3,0.055,0.055,1.0,1.122334455667789,False,False
气虚质_离散_气虚质低 + 活动能力_离散_活动能力中 + 痰湿质_离散_痰湿质中 + 血尿酸_离散_血尿酸高,4,0.054,0.054,1.0,1.122334455667789,False,False
BMI_离散_BMI正常 + 气虚质_离散_气虚质低 + 痰湿质_离散_痰湿质低 + 血尿酸_离散_血尿酸高 + 血脂异常_离散_血脂异常≥2项,5,0.054,0.054,1.0,1.122334455667789,False,False
活动能力_离散_活动能力高 + 血脂异常_离散_血脂异常1项,2,0.054,0.054,1.0,1.122334455667789,False,False
BMI_离散_BMI超重 + 活动能力_离散_活动能力中 + 血脂异常_离散_血脂异常1项,3,0.053,0.053,1.0,1.122334455667789,False,False
气虚质_离散_气虚质低 + 活动能力_离散_活动能力中 + 痰湿质_离散_痰湿质中 + 血尿酸_离散_血尿酸正常 + 血脂异常_离散_血脂异常1项,5,0.053,0.053,1.0,1.122334455667789,False,False
BMI_离散_BMI超重 + 气虚质_离散_气虚质中 + 血脂异常_离散_血脂异常≥2项,3,0.052,0.052,1.0,1.122334455667789,False,False
BMI_离散_BMI正常 + 气虚质_离散_气虚质中 + 活动能力_离散_活动能力中 + 血尿酸_离散_血尿酸正常 + 血脂异常_离散_血脂异常≥2项,5,0.052,0.052,1.0,1.122334455667789,False,False
气虚质_离散_气虚质中 + 痰湿质_离散_痰湿质中 + 血尿酸_离散_血尿酸正常 + 血脂异常_离散_血脂异常≥2项,4,0.052,0.052,1.0,1.122334455667789,False,False
气虚质_离散_气虚质低 + 活动能力_离散_活动能力中 + 痰湿质_离散_痰湿质低 + 血尿酸_离散_血尿酸高 + 血脂异常_离散_血脂异常≥2项,5,0.052,0.052,1.0,1.122334455667789,False,False
BMI_离散_BMI正常 + 活动能力_离散_活动能力中 + 痰湿质_离散_痰湿质低 + 血尿酸_离散_血尿酸高 + 血脂异常_离散_血脂异常≥2项,5,0.052,0.052,1.0,1.122334455667789,False,False
气虚质_离散_气虚质低 + 活动能力_离散_活动能力中 + 痰湿质_离散_痰湿质低 + 血脂异常_离散_血脂异常1项,4,0.052,0.052,1.0,1.122334455667789,False,False
BMI_离散_BMI偏瘦 + 血脂异常_离散_血脂异常≥2项,2,0.052,0.052,1.0,1.122334455667789,False,False
BMI_离散_BMI正常 + 气虚质_离散_气虚质低 + 活动能力_离散_活动能力中 + 痰湿质_离散_痰湿质中 + 血脂异常_离散_血脂异常≥2项,5,0.051,0.051,1.0,1.122334455667789,False,False
气虚质_离散_气虚质低 + 活动能力_离散_活动能力中 + 血尿酸_离散_血尿酸高 + 血脂异常_离散_血脂异常1项,4,0.051,0.051,1.0,1.122334455667789,False,False
BMI_离散_BMI正常 + 气虚质_离散_气虚质低 + 血尿酸_离散_血尿酸高 + 血脂异常_离散_血脂异常1项,4,0.051,0.051,1.0,1.122334455667789,False,False
BMI_离散_BMI超重 + 活动能力_离散_活动能力中 + 血尿酸_离散_血尿酸高,3,0.05,0.05,1.0,1.122334455667789,False,False
BMI_离散_BMI超重 + 血尿酸_离散_血尿酸正常 + 血脂异常_离散_血脂异常1项,3,0.049,0.049,1.0,1.122334455667789,False,False
BMI_离散_BMI正常 + 气虚质_离散_气虚质低 + 活动能力_离散_活动能力中 + 痰湿质_离散_痰湿质中 + 血脂异常_离散_血脂异常1项,5,0.049,0.049,1.0,1.122334455667789,False,False
BMI_离散_BMI正常 + 气虚质_离散_气虚质低 + 痰湿质_离散_痰湿质中 + 血尿酸_离散_血尿酸高,4,0.048,0.048,1.0,1.122334455667789,False,False
活动能力_离散_活动能力高 + 痰湿质_离散_痰湿质低 + 血脂异常_离散_血脂异常≥2项,3,0.047,0.047,1.0,1.122334455667789,False,False
气虚质_离散_气虚质中 + 痰湿质_离散_痰湿质中 + 血脂异常_离散_血脂异常1项,3,0.047,0.047,1.0,1.122334455667789,False,False
BMI_离散_BMI正常 + 活动能力_离散_活动能力中 + 血尿酸_离散_血尿酸高 + 血脂异常_离散_血脂异常1项,4,0.047,0.047,1.0,1.122334455667789,False,False
BMI_离散_BMI正常 + 活动能力_离散_活动能力中 + 痰湿质_离散_痰湿质中 + 血尿酸_离散_血尿酸正常 + 血脂异常_离散_血脂异常1项,5,0.046,0.046,1.0,1.122334455667789,False,False
气虚质_离散_气虚质中 + 活动能力_离散_活动能力高 + 血脂异常_离散_血脂异常≥2项,3,0.045,0.045,1.0,1.122334455667789,False,False
BMI_离散_BMI正常 + 气虚质_离散_气虚质中 + 痰湿质_离散_痰湿质低 + 血脂异常_离散_血脂异常1项,4,0.045,0.045,1.0,1.122334455667789,False,False
气虚质_离散_气虚质中 + 痰湿质_离散_痰湿质低 + 血尿酸_离散_血尿酸正常 + 血脂异常_离散_血脂异常1项,4,0.045,0.045,1.0,1.122334455667789,False,False
气虚质_离散_气虚质中 + 活动能力_离散_活动能力中 + 痰湿质_离散_痰湿质低 + 血脂异常_离散_血脂异常1项,4,0.045,0.045,1.0,1.122334455667789,False,False
气虚质_离散_气虚质中 + 血尿酸_离散_血尿酸高 + 血脂异常_离散_血脂异常1项,3,0.045,0.045,1.0,1.122334455667789,False,False
BMI_离散_BMI正常 + 活动能力_离散_活动能力中 + 痰湿质_离散_痰湿质低 + 血尿酸_离散_血尿酸正常 + 血脂异常_离散_血脂异常1项,5,0.045,0.045,1.0,1.122334455667789,False,False
BMI_离散_BMI正常 + 气虚质_离散_气虚质中 + 活动能力_离散_活动能力中 + 痰湿质_离散_痰湿质中 + 血脂异常_离散_血脂异常≥2项,5,0.044,0.044,1.0,1.122334455667789,False,False
BMI_离散_BMI正常 + 气虚质_离散_气虚质中 + 痰湿质_离散_痰湿质中 + 血尿酸_离散_血尿酸高,4,0.044,0.044,1.0,1.122334455667789,False,False
BMI_离散_BMI正常 + 气虚质_离散_气虚质低 + 活动能力_离散_活动能力中 + 痰湿质_离散_痰湿质低 + 血尿酸_离散_血尿酸高,5,0.044,0.044,1.0,1.122334455667789,False,False
BMI_离散_BMI正常 + 气虚质_离散_气虚质低 + 痰湿质_离散_痰湿质中 + 血尿酸_离散_血尿酸正常 + 血脂异常_离散_血脂异常1项,5,0.044,0.044,1.0,1.122334455667789,False,False
BMI_离散_BMI偏瘦 + 血脂异常_离散_血脂异常1项,2,0.044,0.044,1.0,1.122334455667789,False,False
BMI_离散_BMI正常 + 气虚质_离散_气虚质中 + 活动能力_离散_活动能力中 + 痰湿质_离散_痰湿质低 + 血脂异常_离散_血脂异常≥2项,5,0.043,0.043,1.0,1.122334455667789,False,False
气虚质_离散_气虚质低 + 活动能力_离散_活动能力中 + 痰湿质_离散_痰湿质中 + 血尿酸_离散_血尿酸正常 + 血脂异常_离散_血脂异常≥2项,5,0.043,0.043,1.0,1.122334455667789,False,False
活动能力_离散_活动能力高 + 血尿酸_离散_血尿酸高 + 血脂异常_离散_血脂异常≥2项,3,0.043,0.043,1.0,1.122334455667789,False,False
气虚质_离散_气虚质中 + 活动能力_离散_活动能力中 + 痰湿质_离散_痰湿质低 + 血尿酸_离散_血尿酸正常 + 血脂异常_离散_血脂异常≥2项,5,0.042,0.042,1.0,1.122334455667789,False,False
BMI_离散_BMI正常 + 气虚质_离散_气虚质中 + 活动能力_离散_活动能力中 + 血尿酸_离散_血尿酸高 + 血脂异常_离散_血脂异常≥2项,5,0.042,0.042,1.0,1.122334455667789,False,False
气虚质_离散_气虚质中 + 活动能力_离散_活动能力中 + 痰湿质_离散_痰湿质中 + 血尿酸_离散_血尿酸高,4,0.042,0.042,1.0,1.122334455667789,False,False
活动能力_离散_活动能力高 + 痰湿质_离散_痰湿质中 + 血脂异常_离散_血脂异常≥2项,3,0.042,0.042,1.0,1.122334455667789,False,False
BMI_离散_BMI正常 + 活动能力_离散_活动能力高 + 血脂异常_离散_血脂异常1项,3,0.042,0.042,1.0,1.122334455667789,False,False
BMI_离散_BMI偏瘦 + 血尿酸_离散_血尿酸高,2,0.042,0.042,1.0,1.122334455667789,False,False
气虚质_离散_气虚质中 + 痰湿质_离散_痰湿质低 + 血尿酸_离散_血尿酸高 + 血脂异常_离散_血脂异常≥2项,4,0.041,0.041,1.0,1.122334455667789,False,False
BMI_离散_BMI正常 + 气虚质_离散_气虚质中 + 活动能力_离散_活动能力中 + 血尿酸_离散_血尿酸正常 + 血脂异常_离散_血脂异常1项,5,0.041,0.041,1.0,1.122334455667789,False,False
BMI_离散_BMI超重 + 气虚质_离散_气虚质低 + 血脂异常_离散_血脂异常1项,3,0.04,0.04,1.0,1.122334455667789,False,False
BMI_离散_BMI正常 + 气虚质_离散_气虚质中 + 痰湿质_离散_痰湿质低 + 血尿酸_离散_血尿酸高,4,0.04,0.04,1.0,1.122334455667789,False,False
气虚质_离散_气虚质中 + 活动能力_离散_活动能力中 + 痰湿质_离散_痰湿质低 + 血尿酸_离散_血尿酸高,4,0.04,0.04,1.0,1.122334455667789,False,False
BMI_离散_BMI正常 + 气虚质_离散_气虚质低 + 活动能力_离散_活动能力高 + 血脂异常_离散_血脂异常≥2项,4,0.04,0.04,1.0,1.122334455667789,False,False
BMI_离散_BMI正常 + 气虚质_离散_气虚质低 + 活动能力_离散_活动能力中 + 痰湿质_离散_痰湿质低 + 血尿酸_离散_血尿酸正常 + 血脂异常_离散_血脂异常≥2项,6,0.04,0.04,1.0,1.122334455667789,False,False
BMI_离散_BMI超重 + 活动能力_离散_活动能力中 + 血尿酸_离散_血尿酸正常 + 血脂异常_离散_血脂异常≥2项,4,0.039,0.039,1.0,1.122334455667789,False,False
BMI_离散_BMI超重 + 气虚质_离散_气虚质低 + 活动能力_离散_活动能力中 + 血脂异常_离散_血脂异常≥2项,4,0.039,0.039,1.0,1.122334455667789,False,False
BMI_离散_BMI超重 + 活动能力_离散_活动能力中 + 痰湿质_离散_痰湿质低 + 血脂异常_离散_血脂异常≥2项,4,0.039,0.039,1.0,1.122334455667789,False,False
BMI_离散_BMI超重 + 痰湿质_离散_痰湿质低 + 血尿酸_离散_血尿酸正常 + 血脂异常_离散_血脂异常≥2项,4,0.039,0.039,1.0,1.122334455667789,False,False
BMI_离散_BMI偏瘦 + 气虚质_离散_气虚质低 + 血脂异常_离散_血脂异常≥2项,3,0.039,0.039,1.0,1.122334455667789,False,False
BMI_离散_BMI正常 + 气虚质_离散_气虚质中 + 痰湿质_离散_痰湿质低 + 血尿酸_离散_血尿酸正常 + 血脂异常_离散_血脂异常≥2项,5,0.038,0.038,1.0,1.122334455667789,False,False
BMI_离散_BMI正常 + 活动能力_离散_活动能力高 + 血尿酸_离散_血尿酸正常 + 血脂异常_离散_血脂异常≥2项,4,0.038,0.038,1.0,1.122334455667789,False,False
气虚质_离散_气虚质低 + 活动能力_离散_活动能力高 + 血尿酸_离散_血尿酸正常 + 血脂异常_离散_血脂异常≥2项,4,0.038,0.038,1.0,1.122334455667789,False,False
BMI_离散_BMI超重 + 气虚质_离散_气虚质低 + 血尿酸_离散_血尿酸高,3,0.037,0.037,1.0,1.122334455667789,False,False
BMI_离散_BMI超重 + 活动能力_离散_活动能力中 + 血尿酸_离散_血尿酸正常 + 血脂异常_离散_血脂异常1项,4,0.037,0.037,1.0,1.122334455667789,False,False
BMI_离散_BMI正常 + 气虚质_离散_气虚质中 + 痰湿质_离散_痰湿质中 + 血尿酸_离散_血尿酸正常 + 血脂异常_离散_血脂异常≥2项,5,0.037,0.037,1.0,1.122334455667789,False,False
BMI_离散_BMI正常 + 痰湿质_离散_痰湿质低 + 血尿酸_离散_血尿酸高 + 血脂异常_离散_血脂异常1项,4,0.037,0.037,1.0,1.122334455667789,False,False
BMI_离散_BMI超重 + 气虚质_离散_气虚质低 + 痰湿质_离散_痰湿质低 + 血脂异常_离散_血脂异常≥2项,4,0.036,0.036,1.0,1.122334455667789,False,False
BMI_离散_BMI正常 + 气虚质_离散_气虚质低 + 活动能力_离散_活动能力中 + 痰湿质_离散_痰湿质中 + 血尿酸_离散_血尿酸正常 + 血脂异常_离散_血脂异常1项,6,0.035,0.035,1.0,1.122334455667789,False,False
BMI_离散_BMI正常 + 气虚质_离散_气虚质低 + 痰湿质_离散_痰湿质低 + 血尿酸_离散_血尿酸正常 + 血脂异常_离散_血脂异常1项,5,0.035,0.035,1.0,1.122334455667789,False,False
BMI_离散_BMI偏瘦 + 活动能力_离散_活动能力中 + 血脂异常_离散_血脂异常≥2项,3,0.035,0.035,1.0,1.122334455667789,False,False
BMI_离散_BMI超重 + 气虚质_离散_气虚质中 + 活动能力_离散_活动能力中 + 血脂异常_离散_血脂异常≥2项,4,0.034,0.034,1.0,1.122334455667789,False,False
气虚质_离散_气虚质低 + 活动能力_离散_活动能力高 + 血脂异常_离散_血脂异常1项,3,0.034,0.034,1.0,1.122334455667789,False,False
BMI_离散_BMI正常 + 气虚质_离散_气虚质低 + 活动能力_离散_活动能力中 + 痰湿质_离散_痰湿质中 + 血尿酸_离散_血尿酸正常 + 血脂异常_离散_血脂异常≥2项,6,0.033,0.033,1.0,1.122334455667789,False,False
BMI_离散_BMI正常 + 气虚质_离散_气虚质低 + 活动能力_离散_活动能力中 + 痰湿质_离散_痰湿质低 + 血尿酸_离散_血尿酸高 + 血脂异常_离散_血脂异常≥2项,6,0.033,0.033,1.0,1.122334455667789,False,False
BMI_离散_BMI正常 + 气虚质_离散_气虚质低 + 活动能力_离散_活动能力中 + 血尿酸_离散_血尿酸高 + 血脂异常_离散_血脂异常1项,5,0.033,0.033,1.0,1.122334455667789,False,False
活动能力_离散_活动能力中 + 痰湿质_离散_痰湿质低 + 血尿酸_离散_血尿酸高 + 血脂异常_离散_血脂异常1项,4,0.033,0.033,1.0,1.122334455667789,False,False
气虚质_离散_气虚质低 + 活动能力_离散_活动能力中 + 痰湿质_离散_痰湿质低 + 血尿酸_离散_血尿酸正常 + 血脂异常_离散_血脂异常1项,5,0.033,0.033,1.0,1.122334455667789,False,False
BMI_离散_BMI超重 + 气虚质_离散_气虚质低 + 血尿酸_离散_血尿酸正常 + 血脂异常_离散_血脂异常≥2项,4,0.032,0.032,1.0,1.122334455667789,False,False
BMI_离散_BMI超重 + 痰湿质_离散_痰湿质低 + 血脂异常_离散_血脂异常1项,3,0.032,0.032,1.0,1.122334455667789,False,False
气虚质_离散_气虚质中 + 活动能力_离散_活动能力中 + 痰湿质_离散_痰湿质中 + 血尿酸_离散_血尿酸正常 + 血脂异常_离散_血脂异常≥2项,5,0.032,0.032,1.0,1.122334455667789,False,False
BMI_离散_BMI正常 + 气虚质_离散_气虚质低 + 活动能力_离散_活动能力中 + 痰湿质_离散_痰湿质中 + 血尿酸_离散_血尿酸高,5,0.032,0.032,1.0,1.122334455667789,False,False
活动能力_离散_活动能力高 + 痰湿质_离散_痰湿质低 + 血脂异常_离散_血脂异常1项,3,0.032,0.032,1.0,1.122334455667789,False,False
活动能力_离散_活动能力高 + 血尿酸_离散_血尿酸正常 + 血脂异常_离散_血脂异常1项,3,0.032,0.032,1.0,1.122334455667789,False,False
BMI_离散_BMI正常 + 活动能力_离散_活动能力高 + 痰湿质_离散_痰湿质低 + 血脂异常_离散_血脂异常≥2项,4,0.032,0.032,1.0,1.122334455667789,False,False
气虚质_离散_气虚质中 + 活动能力_离散_活动能力中 + 痰湿质_离散_痰湿质中 + 血脂异常_离散_血脂异常1项,4,0.032,0.032,1.0,1.122334455667789,False,False
BMI_离散_BMI正常 + 气虚质_离散_气虚质中 + 痰湿质_离散_痰湿质低 + 血尿酸_离散_血尿酸正常 + 血脂异常_离散_血脂异常1项,5,0.032,0.032,1.0,1.122334455667789,False,False
BMI_离散_BMI正常 + 气虚质_离散_气虚质中 + 活动能力_离散_活动能力中 + 痰湿质_离散_痰湿质低 + 血脂异常_离散_血脂异常1项,5,0.032,0.032,1.0,1.122334455667789,False,False
气虚质_离散_气虚质低 + 痰湿质_离散_痰湿质低 + 血尿酸_离散_血尿酸高 + 血脂异常_离散_血脂异常1项,4,0.032,0.032,1.0,1.122334455667789,False,False
BMI_离散_BMI正常 + 气虚质_离散_气虚质低 + 活动能力_离散_活动能力中 + 痰湿质_离散_痰湿质低 + 血脂异常_离散_血脂异常1项,5,0.032,0.032,1.0,1.122334455667789,False,False
BMI_离散_BMI超重 + 气虚质_离散_气虚质中 + 血尿酸_离散_血尿酸正常 + 血脂异常_离散_血脂异常≥2项,4,0.031,0.031,1.0,1.122334455667789,False,False
BMI_离散_BMI超重 + 气虚质_离散_气虚质中 + 血尿酸_离散_血尿酸高,3,0.031,0.031,1.0,1.122334455667789,False,False
BMI_离散_BMI超重 + 痰湿质_离散_痰湿质低 + 血尿酸_离散_血尿酸高,3,0.031,0.031,1.0,1.122334455667789,False,False
气虚质_离散_气虚质中 + 活动能力_离散_活动能力中 + 痰湿质_离散_痰湿质低 + 血尿酸_离散_血尿酸正常 + 血脂异常_离散_血脂异常1项,5,0.031,0.031,1.0,1.122334455667789,False,False
BMI_离散_BMI偏瘦 + 活动能力_离散_活动能力中 + 血尿酸_离散_血尿酸高,3,0.031,0.031,1.0,1.122334455667789,False,False
BMI_离散_BMI超重 + 气虚质_离散_气虚质低 + 活动能力_离散_活动能力中 + 血尿酸_离散_血尿酸高,4,0.03,0.03,1.0,1.122334455667789,False,False
BMI_离散_BMI超重 + 气虚质_离散_气虚质低 + 血尿酸_离散_血尿酸正常 + 血脂异常_离散_血脂异常1项,4,0.03,0.03,1.0,1.122334455667789,False,False
BMI_离散_BMI正常 + 活动能力_离散_活动能力高 + 痰湿质_离散_痰湿质中 + 血脂异常_离散_血脂异常≥2项,4,0.03,0.03,1.0,1.122334455667789,False,False
气虚质_离散_气虚质中 + 活动能力_离散_活动能力高 + 血尿酸_离散_血尿酸高,3,0.03,0.03,1.0,1.122334455667789,False,False
BMI_离散_BMI正常 + 活动能力_离散_活动能力高 + 血尿酸_离散_血尿酸高 + 血脂异常_离散_血脂异常≥2项,4,0.03,0.03,1.0,1.122334455667789,False,False
BMI_离散_BMI偏瘦 + 活动能力_离散_活动能力中 + 血脂异常_离散_血脂异常1项,3,0.03,0.03,1.0,1.122334455667789,False,False
BMI_离散_BMI超重 + 气虚质_离散_气虚质中 + 血脂异常_离散_血脂异常1项,3,0.029,0.029,1.0,1.122334455667789,False,False
BMI_离散_BMI超重 + 气虚质_离散_气虚质低 + 活动能力_离散_活动能力中 + 血脂异常_离散_血脂异常1项,4,0.029,0.029,1.0,1.122334455667789,False,False
活动能力_离散_活动能力高 + 痰湿质_离散_痰湿质中 + 血尿酸_离散_血尿酸正常 + 血脂异常_离散_血脂异常≥2项,4,0.029,0.029,1.0,1.122334455667789,False,False
气虚质_离散_气虚质中 + 痰湿质_离散_痰湿质中 + 血尿酸_离散_血尿酸正常 + 血脂异常_离散_血脂异常1项,4,0.029,0.029,1.0,1.122334455667789,False,False
BMI_离散_BMI正常 + 气虚质_离散_气虚质中 + 活动能力_离散_活动能力高 + 血脂异常_离散_血脂异常≥2项,4,0.028,0.028,1.0,1.122334455667789,False,False
BMI_离散_BMI正常 + 气虚质_离散_气虚质中 + 痰湿质_离散_痰湿质中 + 血脂异常_离散_血脂异常1项,4,0.028,0.028,1.0,1.122334455667789,False,False
BMI_离散_BMI偏瘦 + 气虚质_离散_气虚质低 + 血尿酸_离散_血尿酸高,3,0.028,0.028,1.0,1.122334455667789,False,False
BMI_离散_BMI偏瘦 + 痰湿质_离散_痰湿质低 + 血脂异常_离散_血脂异常≥2项,3,0.028,0.028,1.0,1.122334455667789,False,False
BMI_离散_BMI偏瘦 + 血尿酸_离散_血尿酸正常 + 血脂异常_离散_血脂异常≥2项,3,0.028,0.028,1.0,1.122334455667789,False,False
BMI_离散_BMI超重 + 活动能力_离散_活动能力中 + 痰湿质_离散_痰湿质低 + 血尿酸_离散_血尿酸正常 + 血脂异常_离散_血脂异常≥2项,5,0.027,0.027,1.0,1.122334455667789,False,False
气虚质_离散_气虚质中 + 活动能力_离散_活动能力低 + 血尿酸_离散_血尿酸高,3,0.027,0.027,1.0,1.122334455667789,False,False
BMI_离散_BMI正常 + 气虚质_离散_气虚质中 + 痰湿质_离散_痰湿质低 + 血尿酸_离散_血尿酸高 + 血脂异常_离散_血脂异常≥2项,5,0.027,0.027,1.0,1.122334455667789,False,False
BMI_离散_BMI正常 + 气虚质_离散_气虚质中 + 活动能力_离散_活动能力中 + 痰湿质_离散_痰湿质低 + 血尿酸_离散_血尿酸高,5,0.027,0.027,1.0,1.122334455667789,False,False
BMI_离散_BMI正常 + 气虚质_离散_气虚质低 + 活动能力_离散_活动能力高 + 血脂异常_离散_血脂异常1项,4,0.027,0.027,1.0,1.122334455667789,False,False
气虚质_离散_气虚质中 + 活动能力_离散_活动能力中 + 血尿酸_离散_血尿酸高 + 血脂异常_离散_血脂异常1项,4,0.027,0.027,1.0,1.122334455667789,False,False
BMI_离散_BMI正常 + 气虚质_离散_气虚质中 + 血尿酸_离散_血尿酸高 + 血脂异常_离散_血脂异常1项,4,0.027,0.027,1.0,1.122334455667789,False,False
气虚质_离散_气虚质中 + 活动能力_离散_活动能力中 + 痰湿质_离散_痰湿质低 + 血尿酸_离散_血尿酸高 + 血脂异常_离散_血脂异常≥2项,5,0.026,0.026,1.0,1.122334455667789,False,False
BMI_离散_BMI偏瘦 + 气虚质_离散_气虚质低 + 血脂异常_离散_血脂异常1项,3,0.026,0.026,1.0,1.122334455667789,False,False
BMI_离散_BMI偏瘦 + 血尿酸_离散_血尿酸正常 + 血脂异常_离散_血脂异常1项,3,0.026,0.026,1.0,1.122334455667789,False,False
BMI_离散_BMI正常 + 气虚质_离散_气虚质中 + 活动能力_离散_活动能力中 + 痰湿质_离散_痰湿质中 + 血尿酸_离散_血尿酸高,5,0.025,0.025,1.0,1.122334455667789,False,False
BMI_离散_BMI正常 + 气虚质_离散_气虚质低 + 活动能力_离散_活动能力高 + 血尿酸_离散_血尿酸正常 + 血脂异常_离散_血脂异常≥2项,5,0.025,0.025,1.0,1.122334455667789,False,False
气虚质_离散_气虚质低 + 活动能力_离散_活动能力高 + 痰湿质_离散_痰湿质中 + 血脂异常_离散_血脂异常≥2项,4,0.025,0.025,1.0,1.122334455667789,False,False
BMI_离散_BMI正常 + 活动能力_离散_活动能力高 + 痰湿质_离散_痰湿质低 + 血脂异常_离散_血脂异常1项,4,0.025,0.025,1.0,1.122334455667789,False,False
气虚质_离散_气虚质低 + 活动能力_离散_活动能力高 + 痰湿质_离散_痰湿质低 + 血脂异常_离散_血脂异常≥2项,4,0.025,0.025,1.0,1.122334455667789,False,False
BMI_离散_BMI偏瘦 + 气虚质_离散_气虚质低 + 活动能力_离散_活动能力中 + 血脂异常_离散_血脂异常≥2项,4,0.025,0.025,1.0,1.122334455667789,False,False
BMI_离散_BMI超重 + 气虚质_离散_气虚质中 + 痰湿质_离散_痰湿质低 + 血脂异常_离散_血脂异常≥2项,4,0.024,0.024,1.0,1.122334455667789,False,False
BMI_离散_BMI超重 + 气虚质_离散_气虚质中 + 活动能力_离散_活动能力中 + 血脂异常_离散_血脂异常1项,4,0.024,0.024,1.0,1.122334455667789,False,False
BMI_离散_BMI正常 + 气虚质_离散_气虚质中 + 活动能力_离散_活动能力中 + 痰湿质_离散_痰湿质低 + 血尿酸_离散_血尿酸正常 + 血脂异常_离散_血脂异常≥2项,6,0.024,0.024,1.0,1.122334455667789,False,False
BMI_离散_BMI正常 + 气虚质_离散_气虚质中 + 活动能力_离散_活动能力中 + 痰湿质_离散_痰湿质中 + 血尿酸_离散_血尿酸正常 + 血脂异常_离散_血脂异常≥2项,6,0.024,0.024,1.0,1.122334455667789,False,False
活动能力_离散_活动能力高 + 痰湿质_离散_痰湿质低 + 血尿酸_离散_血尿酸高 + 血脂异常_离散_血脂异常≥2项,4,0.024,0.024,1.0,1.122334455667789,False,False
BMI_离散_BMI正常 + 气虚质_离散_气虚质中 + 活动能力_离散_活动能力中 + 痰湿质_离散_痰湿质低 + 血尿酸_离散_血尿酸正常 + 血脂异常_离散_血脂异常1项,6,0.024,0.024,1.0,1.122334455667789,False,False
BMI_离散_BMI正常 + 气虚质_离散_气虚质低 + 痰湿质_离散_痰湿质低 + 血尿酸_离散_血尿酸高 + 血脂异常_离散_血脂异常1项,5,0.024,0.024,1.0,1.122334455667789,False,False
BMI_离散_BMI偏瘦 + 痰湿质_离散_痰湿质低 + 血尿酸_离散_血尿酸高,3,0.024,0.024,1.0,1.122334455667789,False,False
BMI_离散_BMI偏瘦 + 血尿酸_离散_血尿酸高 + 血脂异常_离散_血脂异常≥2项,3,0.024,0.024,1.0,1.122334455667789,False,False
BMI_离散_BMI超重 + 气虚质_离散_气虚质低 + 活动能力_离散_活动能力中 + 痰湿质_离散_痰湿质低 + 血脂异常_离散_血脂异常≥2项,5,0.023,0.023,1.0,1.122334455667789,False,False
活动能力_离散_活动能力高 + 痰湿质_离散_痰湿质中 + 血尿酸_离散_血尿酸高,3,0.023,0.023,1.0,1.122334455667789,False,False
气虚质_离散_气虚质中 + 活动能力_离散_活动能力高 + 血尿酸_离散_血尿酸高 + 血脂异常_离散_血脂异常≥2项,4,0.023,0.023,1.0,1.122334455667789,False,False
BMI_离散_BMI正常 + 活动能力_离散_活动能力高 + 血尿酸_离散_血尿酸正常 + 血脂异常_离散_血脂异常1项,4,0.023,0.023,1.0,1.122334455667789,False,False
活动能力_离散_活动能力高 + 痰湿质_离散_痰湿质低 + 血尿酸_离散_血尿酸正常 + 血脂异常_离散_血脂异常≥2项,4,0.023,0.023,1.0,1.122334455667789,False,False
气虚质_离散_气虚质中 + 痰湿质_离散_痰湿质低 + 血尿酸_离散_血尿酸高 + 血脂异常_离散_血脂异常1项,4,0.023,0.023,1.0,1.122334455667789,False,False
BMI_离散_BMI偏瘦 + 活动能力_离散_活动能力中 + 痰湿质_离散_痰湿质低 + 血脂异常_离散_血脂异常≥2项,4,0.023,0.023,1.0,1.122334455667789,False,False
BMI_离散_BMI超重 + 气虚质_离散_气虚质中 + 活动能力_离散_活动能力中 + 血尿酸_离散_血尿酸正常 + 血脂异常_离散_血脂异常≥2项,5,0.022,0.022,1.0,1.122334455667789,False,False
BMI_离散_BMI超重 + 痰湿质_离散_痰湿质低 + 血尿酸_离散_血尿酸正常 + 血脂异常_离散_血脂异常1项,4,0.022,0.022,1.0,1.122334455667789,False,False
BMI_离散_BMI超重 + 气虚质_离散_气虚质低 + 痰湿质_离散_痰湿质低 + 血尿酸_离散_血尿酸正常 + 血脂异常_离散_血脂异常≥2项,5,0.022,0.022,1.0,1.122334455667789,False,False
气虚质_离散_气虚质中 + 活动能力_离散_活动能力高 + 血尿酸_离散_血尿酸正常 + 血脂异常_离散_血脂异常≥2项,4,0.022,0.022,1.0,1.122334455667789,False,False
气虚质_离散_气虚质中 + 活动能力_离散_活动能力高 + 痰湿质_离散_痰湿质低 + 血脂异常_离散_血脂异常≥2项,4,0.022,0.022,1.0,1.122334455667789,False,False
BMI_离散_BMI正常 + 气虚质_离散_气虚质中 + 活动能力_离散_活动能力高 + 血尿酸_离散_血尿酸高,4,0.022,0.022,1.0,1.122334455667789,False,False
活动能力_离散_活动能力高 + 血尿酸_离散_血尿酸高 + 血脂异常_离散_血脂异常1项,3,0.022,0.022,1.0,1.122334455667789,False,False
BMI_离散_BMI偏瘦 + 气虚质_离散_气虚质低 + 血尿酸_离散_血尿酸正常 + 血脂异常_离散_血脂异常≥2项,4,0.022,0.022,1.0,1.122334455667789,False,False
BMI_离散_BMI超重 + 气虚质_离散_气虚质低 + 活动能力_离散_活动能力中 + 血尿酸_离散_血尿酸正常 + 血脂异常_离散_血脂异常1项,5,0.021,0.021,1.0,1.122334455667789,False,False
BMI_离散_BMI超重 + 活动能力_离散_活动能力中 + 痰湿质_离散_痰湿质低 + 血脂异常_离散_血脂异常1项,4,0.021,0.021,1.0,1.122334455667789,False,False
气虚质_离散_气虚质低 + 活动能力_离散_活动能力高 + 痰湿质_离散_痰湿质低 + 血脂异常_离散_血脂异常1项,4,0.021,0.021,1.0,1.122334455667789,False,False
活动能力_离散_活动能力高 + 痰湿质_离散_痰湿质低 + 血尿酸_离散_血尿酸正常 + 血脂异常_离散_血脂异常1项,4,0.021,0.021,1.0,1.122334455667789,False,False
BMI_离散_BMI超重 + 活动能力_离散_活动能力高 + 血脂异常_离散_血脂异常≥2项,3,0.021,0.021,1.0,1.122334455667789,False,False
气虚质_离散_气虚质中 + 活动能力_离散_活动能力中 + 痰湿质_离散_痰湿质中 + 血尿酸_离散_血尿酸正常 + 血脂异常_离散_血脂异常1项,5,0.021,0.021,1.0,1.122334455667789,False,False
BMI_离散_BMI正常 + 气虚质_离散_气虚质低 + 活动能力_离散_活动能力中 + 痰湿质_离散_痰湿质低 + 血尿酸_离散_血尿酸正常 + 血脂异常_离散_血脂异常1项,6,0.021,0.021,1.0,1.122334455667789,False,False
BMI_离散_BMI偏瘦 + 气虚质_离散_气虚质低 + 活动能力_离散_活动能力中 + 血脂异常_离散_血脂异常1项,4,0.021,0.021,1.0,1.122334455667789,False,False
BMI_离散_BMI偏瘦 + 气虚质_离散_气虚质低 + 活动能力_离散_活动能力中 + 血尿酸_离散_血尿酸高,4,0.021,0.021,1.0,1.122334455667789,False,False
BMI_离散_BMI偏瘦 + 痰湿质_离散_痰湿质中 + 血脂异常_离散_血脂异常1项,3,0.021,0.021,1.0,1.122334455667789,False,False
BMI_离散_BMI偏瘦 + 气虚质_离散_气虚质低 + 痰湿质_离散_痰湿质低 + 血脂异常_离散_血脂异常≥2项,4,0.021,0.021,1.0,1.122334455667789,False,False
BMI_离散_BMI超重 + 气虚质_离散_气虚质中 + 活动能力_离散_活动能力中 + 血尿酸_离散_血尿酸高,4,0.02,0.02,1.0,1.122334455667789,False,False
BMI_离散_BMI超重 + 活动能力_离散_活动能力中 + 痰湿质_离散_痰湿质低 + 血尿酸_离散_血尿酸高,4,0.02,0.02,1.0,1.122334455667789,False,False
气虚质_离散_气虚质低 + 活动能力_离散_活动能力高 + 血尿酸_离散_血尿酸高 + 血脂异常_离散_血脂异常≥2项,4,0.02,0.02,1.0,1.122334455667789,False,False
气虚质_离散_气虚质中 + 活动能力_离散_活动能力高 + 血脂异常_离散_血脂异常1项,3,0.02,0.02,1.0,1.122334455667789,False,False
活动能力_离散_活动能力中 + 血尿酸_离散_血尿酸高,2,0.233,0.232,0.9957081545064378,1.1175175695919617,False,False
BMI_离散_BMI正常 + 活动能力_离散_活动能力中 + 血尿酸_离散_血尿酸高,3,0.147,0.146,0.9931972789115646,1.11469952739794,False,False
气虚质_离散_气虚质低 + 活动能力_离散_活动能力中 + 血尿酸_离散_血尿酸高,3,0.145,0.144,0.993103448275862,1.114594218042494,False,False
BMI_离散_BMI正常 + 气虚质_离散_气虚质低 + 活动能力_离散_活动能力中 + 血尿酸_离散_血尿酸高,4,0.091,0.09,0.989010989010989,1.11000111000111,False,False
痰湿质_离散_痰湿质低 + 血尿酸_离散_血尿酸高,2,0.179,0.177,0.9888268156424581,1.1097944058837914,False,False
BMI_离散_BMI正常 + 血尿酸_离散_血尿酸高,2,0.248,0.245,0.9879032258064516,1.1087578291879367,False,False
气虚质_离散_气虚质低 + 血尿酸_离散_血尿酸高,2,0.22,0.217,0.9863636363636363,1.1070298949086828,False,False
活动能力_离散_活动能力低 + 血尿酸_离散_血尿酸高,2,0.066,0.065,0.9848484848484849,1.105329388157671,False,False
活动能力_离散_活动能力高 + 血尿酸_离散_血尿酸高,2,0.066,0.065,0.9848484848484849,1.105329388157671,False,False
BMI_离散_BMI正常 + 痰湿质_离散_痰湿质低 + 血尿酸_离散_血尿酸高,3,0.12,0.118,0.9833333333333333,1.103628881406659,False,False
气虚质_离散_气虚质低 + 痰湿质_离散_痰湿质低 + 血尿酸_离散_血尿酸高,3,0.115,0.113,0.9826086956521739,1.1028155955692187,False,False
BMI_离散_BMI正常 + 活动能力_离散_活动能力低 + 血尿酸_离散_血尿酸高,3,0.051,0.05,0.9803921568627452,1.1003278977135187,False,False
BMI_离散_BMI正常 + 气虚质_离散_气虚质低 + 血尿酸_离散_血尿酸高,3,0.152,0.149,0.9802631578947368,1.1001831177269774,False,False
